month,hvfhs_license_num,brand,wav_requested,n_negative,negative_share,negative_whole_minute_share,negative_5min_mark_share,valid_whole_minute_share,signature
2026-04,HV0003,Uber,false,257593,0.0168,0.962,0.9015,0.0175,pre-booked-ride signature (request = booked time; driver arrived early)
2026-04,HV0003,Uber,true,1879,0.0444,1.0,0.9702,0.0178,pre-booked-ride signature (request = booked time; driver arrived early)
2026-04,HV0005,Lyft,false,88433,0.0158,0.3772,0.3476,0.0167,mixed
2026-04,HV0005,Lyft,true,13761,0.6004,0.0238,0.0113,0.016,no pre-booking signature: cause unknown
2026-05,HV0003,Uber,false,284112,0.0186,0.967,0.9092,0.0177,pre-booked-ride signature (request = booked time; driver arrived early)
2026-05,HV0003,Uber,true,2171,0.0511,0.9995,0.9719,0.0197,pre-booked-ride signature (request = booked time; driver arrived early)
2026-05,HV0005,Lyft,false,99900,0.0148,0.3283,0.2875,0.0166,mixed
2026-05,HV0005,Lyft,true,16380,0.6139,0.0215,0.0087,0.02,no pre-booking signature: cause unknown
2026-07,HV0003,Uber,false,267157,0.0176,0.9884,0.9196,0.0175,pre-booked-ride signature (request = booked time; driver arrived early)
2026-07,HV0003,Uber,true,2345,0.0538,1.0,0.98,0.0185,pre-booked-ride signature (request = booked time; driver arrived early)
2026-07,HV0005,Lyft,false,83803,0.0147,0.401,0.3641,0.0167,mixed
2026-07,HV0005,Lyft,true,13447,0.5802,0.0251,0.0106,0.0169,no pre-booking signature: cause unknown
