month,hvfhs_license_num,brand,wav_requested,n_records,n_dispatching_bases,originating_base_present_share,onscene_eq_pickup_share,onscene_eq_pickup_share_airports,onscene_eq_pickup_share_elsewhere,raw_response_p01_min,raw_response_p50_min,raw_response_p99_min,clean_response_p50_min,clean_response_p90_min
2026-04,HV0003,Uber,false,15336532,2,1.0,0.0566,0.1997,0.0511,-8.0167,3.1333,16.9667,3.1833,8.9833
2026-04,HV0003,Uber,true,42326,1,1.0,0.0187,0.0516,0.0185,-22.3292,4.0833,14.25,4.2333,8.0667
2026-04,HV0005,Lyft,false,5594175,1,0.0,0.0034,0.0151,0.003,-7.25,3.1833,13.3667,3.2333,6.8833
2026-04,HV0005,Lyft,true,22920,1,1.0,0.0039,0.0052,0.0039,-14.7,-6.3833,16.55,5.4667,11.3533
2026-05,HV0003,Uber,false,15312330,1,1.0,0.0643,0.219,0.0585,-8.5667,3.4167,17.95,3.4833,9.5167
2026-05,HV0003,Uber,true,42486,1,1.0,0.0219,0.0966,0.0212,-20.3858,4.3667,15.1858,4.55,8.4667
2026-05,HV0005,Lyft,false,6744246,1,0.0,0.0017,0.0032,0.0016,-6.3333,3.45,14.65,3.5,7.45
2026-05,HV0005,Lyft,true,26682,1,1.0,0.0033,0.0042,0.0033,-14.6865,-6.4417,17.6063,6.0667,12.465
2026-07,HV0003,Uber,false,15171801,1,1.0,0.0662,0.2276,0.0598,-8.3333,3.4167,18.0833,3.4833,9.5667
2026-07,HV0003,Uber,true,43573,1,1.0,0.0208,0.0562,0.02,-19.1047,4.3333,16.4,4.5333,9.35
2026-07,HV0005,Lyft,false,5682699,1,0.0,0.0014,0.0018,0.0014,-6.8667,3.3,14.5167,3.35,7.3167
2026-07,HV0005,Lyft,true,23176,1,1.0,0.0035,0.0026,0.0036,-14.6875,-5.8167,17.4042,5.6,11.8167
