column_name,column_type,rows,non_null,null_pct,distinct,min,max,mean
hvfhs_license_num,VARCHAR,20921249,20921249,0.0000,2,HV0003,HV0005,
dispatching_base_num,VARCHAR,20921249,20921249,0.0000,2,B03404,B03406,
originating_base_num,VARCHAR,20921249,15238550,27.1623,4,B00887,B03406,
request_datetime,TIMESTAMP,20921249,20921249,0.0000,2635538,2026-06-29 14:40:33,2026-08-01 00:30:00,
on_scene_datetime,TIMESTAMP,20921249,20921249,0.0000,2640149,2026-06-30 23:09:00,2026-07-31 23:59:58,
pickup_datetime,TIMESTAMP,20921249,20921249,0.0000,2639717,2026-07-01 00:00:00,2026-07-31 23:59:59,
dropoff_datetime,TIMESTAMP,20921249,20921249,0.0000,2641314,2026-07-01 00:02:11,2026-08-01 02:04:28,
PULocationID,INTEGER,20921249,20921249,0.0000,262,1,265,137.579
DOLocationID,INTEGER,20921249,20921249,0.0000,262,1,265,141.737
trip_miles,DOUBLE,20921249,20921249,0.0000,59822,0.0,1431.47,4.954
trip_time,BIGINT,20921249,20921249,0.0000,11791,0,49332,1169.465
base_passenger_fare,DOUBLE,20921249,20921249,0.0000,38984,-225.21,1418.32,27.385
tolls,DOUBLE,20921249,20921249,0.0000,2000,0.0,136.31,1.145
bcf,DOUBLE,20921249,20921249,0.0000,2041,0.0,37.29,0.674
sales_tax,DOUBLE,20921249,20921249,0.0000,4843,0.0,119.34,2.235
congestion_surcharge,DOUBLE,20921249,20921249,0.0000,4,0.0,2.75,0.933
airport_fee,DOUBLE,20921249,20921249,0.0000,25,0.0,9.0,0.297
tips,DOUBLE,20921249,20921249,0.0000,7461,0.0,307.39,1.257
driver_pay,DOUBLE,20921249,20921249,0.0000,28886,-18.2,1199.35,21.079
shared_request_flag,VARCHAR,20921249,20921249,0.0000,2,N,Y,
shared_match_flag,VARCHAR,20921249,20921249,0.0000,2,N,Y,
access_a_ride_flag,VARCHAR,20921249,20921249,0.0000,2,N,Y,
wav_request_flag,VARCHAR,20921249,20921249,0.0000,2,N,Y,
wav_match_flag,VARCHAR,20921249,20921249,0.0000,2,N,Y,
cbd_congestion_fee,DOUBLE,20921249,20921249,0.0000,3,0.0,3.0,0.49
